<?xml version="1.0"?>
<!--
/**
 * @author Amasty Team
 * @copyright Copyright (c) 2018 Amasty (https://www.amasty.com)
 * @package Amasty_Groupcat
 */
-->
<config xmlns:xsi="http://www.w3.org/2001/XMLSchema-instance" xsi:noNamespaceSchemaLocation="urn:magento:framework:Indexer/etc/indexer.xsd">
    <indexer id="amasty_groupcat_rule" view_id="amasty_groupcat_rule" class="Amasty\Groupcat\Model\Indexer\Rule\RuleIndexer" shared_index="amasty_groupcat">
        <title translate="true">Amasty Customer Group Catalog Rule</title>
        <description translate="true">Indexed rule/product rule/customer associations</description>
    </indexer>
    <indexer id="amasty_groupcat_product" view_id="amasty_groupcat_product" class="Amasty\Groupcat\Model\Indexer\Product\ProductRuleIndexer" shared_index="amasty_groupcat">
        <title translate="true">Amasty Customer Group Catalog Rule</title>
        <description translate="true">Indexed product/rule association</description>
    </indexer>
    <indexer id="amasty_groupcat_customer" view_id="amasty_groupcat_customer" class="Amasty\Groupcat\Model\Indexer\Customer\CustomerRuleIndexer" shared_index="amasty_groupcat_customer">
        <title translate="true">Amasty Customer Group Catalog Rule</title>
        <description translate="true">Indexed customer/rule association</description>
    </indexer>
</config>
