<?xml version="1.0"?>
<!--
/**
 * @author Amasty Team
 * @copyright Copyright (c) 2018 Amasty (https://www.amasty.com)
 * @package Amasty_Groupcat
 */
-->
<config xmlns:xsi="http://www.w3.org/2001/XMLSchema-instance" xsi:noNamespaceSchemaLocation="urn:magento:framework:Module/etc/module.xsd">
    <module name="Amasty_Groupcat" setup_version="1.4.0">
        <sequence>
            <module name="Magento_Rule"/>
            <module name="Magento_Catalog"/>
            <module name="Magento_CatalogRule"/>
            <module name="Magento_Customer"/>
            <module name="Magento_Staging"/><!--fix for EE-->
        </sequence>
    </module>
</config>
