<?xml version="1.0"?>
<!--
/**
 * @author Amasty Team
 * @copyright Copyright (c) 2018 Amasty (https://www.amasty.com)
 * @package Amasty_Groupcat
 */
-->
<config xmlns:xsi="http://www.w3.org/2001/XMLSchema-instance" xsi:noNamespaceSchemaLocation="urn:magento:framework:Mview/etc/mview.xsd">
    <view id="amasty_groupcat_rule" class="Amasty\Groupcat\Model\Indexer\Rule\RuleIndexer" group="indexer">
        <subscriptions>
            <table name="amasty_groupcat_rule" entity_column="rule_id" />
        </subscriptions>
    </view>
    <view id="amasty_groupcat_product" class="Amasty\Groupcat\Model\Indexer\Product\ProductRuleIndexer" group="indexer">
        <subscriptions>
            <table name="catalog_product_entity" entity_column="entity_id" />
            <table name="catalog_product_entity_datetime" entity_column="entity_id" />
            <table name="catalog_product_entity_decimal" entity_column="entity_id" />
            <table name="catalog_product_entity_gallery" entity_column="entity_id" />
            <table name="catalog_product_entity_int" entity_column="entity_id" />
            <table name="catalog_product_entity_media_gallery_value" entity_column="entity_id" />
            <table name="catalog_product_entity_text" entity_column="entity_id" />
            <table name="catalog_product_entity_tier_price" entity_column="entity_id" />
            <table name="catalog_product_entity_varchar" entity_column="entity_id" />
            <table name="catalog_category_product" entity_column="product_id" />
        </subscriptions>
    </view>
    <view id="amasty_groupcat_customer" class="Amasty\Groupcat\Model\Indexer\Customer\CustomerRuleIndexer" group="indexer">
        <subscriptions>
            <table name="customer_entity" entity_column="entity_id" />
            <table name="customer_entity_datetime" entity_column="entity_id" />
            <table name="customer_entity_decimal" entity_column="entity_id" />
            <table name="customer_entity_int" entity_column="entity_id" />
            <table name="customer_entity_text" entity_column="entity_id" />
            <table name="customer_entity_varchar" entity_column="entity_id" />
        </subscriptions>
    </view>
</config>
