<?xml version="1.0"?>
<!--
/**
 * @author Amasty Team
 * @copyright Copyright (c) 2018 Amasty (https://www.amasty.com)
 * @package Amasty_Groupcat
 */
-->
<config xmlns:xsi="http://www.w3.org/2001/XMLSchema-instance" xsi:noNamespaceSchemaLocation="urn:magento:module:Magento_Config:etc/system_file.xsd">
    <system>
        <section id="amasty_groupcat" translate="label" type="text" sortOrder="10" showInDefault="1" showInWebsite="1" showInStore="1">
            <label>Customer Group Catalog</label>
            <tab>amasty</tab>
            <resource>Amasty_Groupcat::config</resource>
            <group id="general" translate="label" type="text" sortOrder="5" showInDefault="1" showInWebsite="0" showInStore="0">
                <label>General Settings</label>
                <field id="enabled" translate="label" type="select" sortOrder="10" showInDefault="1" showInWebsite="0" showInStore="0">
                    <label>Enable module</label>
                    <source_model>Magento\Config\Model\Config\Source\Yesno</source_model>
                </field>

                <field id="sender" translate="label" type="select" sortOrder="50" showInDefault="1" showInWebsite="0" showInStore="0">
                    <label>Email Sender for Admin 'Get a Quote' Reply Email</label>
                    <source_model>Magento\Config\Model\Config\Source\Email\Identity</source_model>
                </field>

                <field id="template" translate="label comment" type="select" sortOrder="60" showInDefault="1" showInWebsite="0" showInStore="0">
                    <label>Email Template for Admin 'Get a Quote' Reply Email</label>
                    <source_model>Magento\Config\Model\Config\Source\Email\Template</source_model>
                    <comment>Email template chosen based on theme fallback when "Default" option is selected</comment>
                </field>
            </group>

            <group id="frontend" translate="label" type="text" sortOrder="20" showInDefault="1" showInWebsite="1" showInStore="1">
                <label>Frontend Options</label>
                <field id="text" translate="label comment" type="textarea" sortOrder="10" showInDefault="1" showInWebsite="1" showInStore="1">
                    <label>Hide Price Text</label>
                    <comment>Display the above text when price is hidden, e.g. ‘Call for Price’</comment>
                </field>
                <field id="custom_css" translate="label comment" type="textarea" sortOrder="20" showInDefault="1" showInWebsite="1" showInStore="1">
                    <label>Custom CSS Styles for Hide Price Link</label>
                    <comment>Customize the CSS Styles for the Hide Price Link</comment>
                </field>
                <field id="image" translate="label comment" type="image" sortOrder="30" showInDefault="1" showInWebsite="1" showInStore="1">
                    <label>Upload Image</label>
                    <backend_model>Magento\Config\Model\Config\Backend\Image</backend_model>
                    <upload_dir config="system/filesystem/media" scope_info="1">amasty/hide_price</upload_dir>
                    <base_url type="media" scope_info="1">amasty/hide_price</base_url>
                    <comment>Show the uploaded image instead of price</comment>
                </field>
                <field id="link" translate="label comment" type="text" sortOrder="40" showInDefault="1" showInWebsite="1" showInStore="1">
                    <label>Link Url</label>
                    <comment>Use text ‘AmastyHidePricePopup’ for opening Ajax Popup with a ‘Get a Quote’ form
                        Insert the page URL to redirect customers to any page you need
                    </comment>
                </field>
            </group>

            <group id="admin_email" translate="label" type="text" sortOrder="40" showInDefault="1" showInWebsite="1" showInStore="0">
                <label>Admin 'Get a Quote' Email Notifications</label>
                <field id="to" translate="label comment" type="text" sortOrder="10" showInDefault="1" showInWebsite="1" showInStore="1">
                    <label>Send Email to</label>
                    <validate>validate-email</validate>
                    <comment>Leave Empty to Disable Notifications</comment>
                </field>
                <field id="sender" translate="label" type="select" sortOrder="20" showInDefault="1" showInWebsite="1" showInStore="1">
                    <label>Email Sender</label>
                    <source_model>Magento\Config\Model\Config\Source\Email\Identity</source_model>
                </field>
                <field id="template" translate="label comment" type="select" sortOrder="30" showInDefault="1" showInWebsite="1" showInStore="1">
                    <label>Email Template</label>
                    <source_model>Magento\Config\Model\Config\Source\Email\Template</source_model>
                    <comment>Email template chosen based on theme fallback when "Default" option is selected</comment>
                </field>
            </group>

            <group id="reply_email" translate="label" type="text" sortOrder="50" showInDefault="1" showInWebsite="1" showInStore="0">
                <label>Auto Reply 'Get a Quote' Email Options</label>
                <field id="enabled" translate="label" type="select" sortOrder="10" showInDefault="1" showInWebsite="1" showInStore="1">
                    <label>Enable</label>
                    <source_model>Magento\Config\Model\Config\Source\Yesno</source_model>
                </field>
                <field id="sender" translate="label" type="select" sortOrder="20" showInDefault="1" showInWebsite="1" showInStore="1">
                    <label>Email Sender</label>
                    <source_model>Magento\Config\Model\Config\Source\Email\Identity</source_model>
                </field>
                <field id="template" translate="label comment" type="select" sortOrder="30" showInDefault="1" showInWebsite="1" showInStore="1">
                    <label>Email Template</label>
                    <source_model>Magento\Config\Model\Config\Source\Email\Template</source_model>
                    <comment>Email template chosen based on theme fallback when "Default" option is selected</comment>
                </field>
            </group>

            <group id="developer" translate="label" type="text" sortOrder="60" showInDefault="1" showInWebsite="1" showInStore="0">
                <label>Developer Options</label>
                <comment>These options need to be changed if you are using a custom Magento theme</comment>
                <field id="parent" translate="label" type="text" sortOrder="20" showInDefault="1"
                       showInWebsite="1" showInStore="1">
                    <label>Category Item Selector</label>
                </field>
            </group>

            <group id="gdpr" translate="label" type="text" sortOrder="70" showInDefault="1" showInWebsite="1" showInStore="1">
                <label>GDPR Consent</label>
                <field id="enabled" translate="label" type="select" sortOrder="10" showInDefault="1" showInWebsite="1" showInStore="1">
                    <label>Enabled</label>
                    <source_model>Magento\Config\Model\Config\Source\Yesno</source_model>
                </field>
                <field id="text" translate="label" type="textarea" sortOrder="20" showInDefault="1" showInWebsite="1" showInStore="1" canRestore="1">
                    <label>Сonsent Text</label>
                    <depends>
                        <field id="enabled">1</field>
                    </depends>
                </field>
            </group>
        </section>
    </system>
</config>
