<?xml version="1.0"?>
<!--
/**
 * @author Amasty Team
 * @copyright Copyright (c) 2018 Amasty (https://www.amasty.com)
 * @package Amasty_MultiInventory
 */
-->

<config xmlns:xsi="http://www.w3.org/2001/XMLSchema-instance" xsi:noNamespaceSchemaLocation="urn:magento:framework:Module/etc/module.xsd">
    <module name="Amasty_MultiInventory" setup_version="1.4.0">
        <sequence>
            <module name="Amasty_Base"/>
            <module name="Magento_Catalog"/>
            <module name="Magento_CatalogInventory"/>
            <module name="Magento_Sales"/>
            <module name="Magento_Ui"/>
            <module name="Magento_Checkout"/>
        </sequence>
    </module>
</config>
